模型,MAE,RMSE,MAPE(%),R2
LSTM,0.10037490237927635,0.11244282489527924,44.92408645181112,-1.4282346411498352
Transformer,0.010353568751774914,0.013841557777728176,5.627902124648113,0.9632042978597266
LSTM-Transformer,0.009016760066857265,0.01270620480576137,5.0939212309403095,0.9689930636816039
